id;Badan_usaha;nama_vendor;tanggal_daftar;alamat;negara;provinsi;kota;afiliasi;ariba_code;bce_code;gems_code;bkes_code;isupplier_code;status;prakualifikasi;createdAt;updatedAt
8547;Perseroan Terbatas (Before 2007);AKATARA BINTANG PERWIRA;2022-07-21;GEDUNG 18 OFFICE PARK LANTAI 22, SUITE E, F, G JALAN TB SIMATUPANG KAV 18;Indonesia;DKI Jakarta;Kota Jakarta Selatan;1;ACM_167207928;105252;;;IS00008547;1;Kritis;17/01/2022 07:20;03/10/2022 07:02
8370;Commmanditaire Vennootschaap;BERKAT USAHA MANDIRI;2022-07-22;JL AHMAD YANI KM 124 RT/RW 01/01;Indonesia;Kalimantan Selatan;Kabupaten Tanah Laut;0;ACM_169247367;;106812;;IS00008370;1;Kritis;17/01/2022 07:20;17/06/2022 07:30
787;Perseroan Terbatas (After 2007);METRA CREATIVA;2022-07-23;JL. TERATAI 6 NO.177 JATIKRAMAT INDAH 1;Indonesia;Jawa Barat;Kota Bekasi;0;ACM_134252555;;103720;;IS00000787;1;Kritis;17/01/2022 07:20;06/06/2022 05:43
6578;Perseroan Terbatas (Before 2007);PANDU EQUATOR PRIMA;2022-07-24;JL.SANGATA BLOK G-10 NO.1, RT.015, RW.013;Indonesia;Jawa Barat;Kota Bekasi;0;ACM_169012056;;102352;101181;IS00006578;1;Kritis;17/01/2022 07:20;23/06/2022 04:30
4967;Perseroan Terbatas (After 2007);PROQUAMAN KONSULTAN;2022-07-25;JL. CEMPAKA PUTIH TENGAH 17 C NO. 7 A;Indonesia;DKI Jakarta;Kota Jakarta Pusat;1;ACM_167275922;105249;;;IS00004967;1;Kritis;17/01/2022 07:20;09/07/2022 04:28
11086;Perseroan Terbatas (After 2007);RAME REKAGUNA PRAKARSA;2022-07-26;"Kirana Two Tower Level 10A, Kelapa Gading Jakarta
Jakarta, Jakarta Raya  14250";Indonesia;DKI Jakarta;Kota Jakarta Utara;0;ACM_166736298;;;;IS00011086;1;Kritis;17/01/2022 07:20;25/05/2022 08:39
3005;Commmanditaire Vennootschaap;SINAR ABADI;2022-07-27;JALAN PETOJO SELATAN IV NO.29;Indonesia;DKI Jakarta;Kota Jakarta Pusat;1;ACM_94200244;100839;106856;;IS00003005;1;Kritis;17/01/2022 07:20;11/07/2022 11:04
7202;Perseroan Terbatas (After 2007);TECO MULTIGUNA ELEKTRO;2022-07-28;JL.BANDENGAN UTARA NO.83/ 1-2-3 RT 09 RW 16;Indonesia;DKI Jakarta;Kota Jakarta Utara;1;ACM_171665891;100903;;;IS00007202;1;Kritis;17/01/2022 07:20;23/10/2022 12:41
7427;Perseroan Terbatas (After 2007);WEB MEDIA TECHNOLOGY INDONESIA;2022-07-29;MONJALI ST NO.143 B, KUTU DUKUH, SINDUADI, MLATI;Indonesia;DI Yogyakarta;Kabupaten Sleman;1;ACM_167302571;105244;104337;;IS00007427;1;Kritis;17/01/2022 07:20;13/05/2022 14:55
29;Perseroan Terbatas (After 2007);ABADI RAYA COMMERCE;2022-07-29;JL. DI PANJAITAN NO.9 RT.79;Indonesia;Kalimantan Timur;Kota Balikpapan;0;ACM_119930848;102156;101616;101542;IS00000029;1;Kritis;17/01/2022 07:20;22/09/2022 04:39
4866;Perseroan Terbatas (Before 2007);ABB SAKTI INDUSTRI;2022-07-29;"GEDUNG WORLD TRADE CENTER 3 LT.25 DAN 26,
JL.JEND.SUDIRMAN KAV.29-31";Indonesia;DKI Jakarta;Kota Jakarta Selatan;1;ACM_170708706;100003;;;IS00004866;1;Kritis;17/01/2022 07:20;26/09/2022 10:35
1373;Commmanditaire Vennootschaap;AGUNG JAYA;2022-07-29;JL. BANAWA NO.64 ;Indonesia;Sulawesi Tengah;Kabupaten Donggala;0;ACM_138843794;;104498;;IS00001373;1;Kritis;17/01/2022 07:20;06/06/2022 04:39
1493;Perseroan Terbatas (Before 2007);AKINDO PURNA PRATAMA;2022-07-29;"	
JL. BUNCIT RAYA NO.6 LT.2, RT.002 RW.05, KEL. DUREN TIGA, KEC. PANCORAN";Indonesia;DKI Jakarta;Kota Jakarta Selatan;0;ACM_137888150;;104778;102014;IS00001493;1;Kritis;17/01/2022 07:20;23/05/2022 09:35
2926;Perseroan Terbatas (Before 2007);ALPHA CIPTA COMPUTINDO;2022-07-29;JL.KESEHATAN NO 60;Indonesia;DKI Jakarta;Kota Jakarta Pusat;0;ACM_91167568;100031;104042;102012;IS00002926;1;Kritis;17/01/2022 07:20;06/09/2022 05:39
5807;Perseroan Terbatas (Before 2007);ALUN;2022-07-29;JL.PROF DR SOEPOMO SH NO 233;Indonesia;DKI Jakarta;Kota Jakarta Selatan;1;;101949;;;IS00005807;1;Kritis;17/01/2022 07:20;17/08/2022 05:44
3301;Perseroan Terbatas (Before 2007);ALUN INDAH;2022-07-29;JL.PROD DR SOEPOMO;Indonesia;DKI Jakarta;Kota Jakarta Selatan;1;ACM_141599416;101908;;;IS00003301;1;Kritis;17/01/2022 07:20;17/08/2022 05:12
9704;Perseroan Terbatas (After 2007);AMBOJA CATERING (MIRA DWI ASTRIANI);2022-07-29;"JL. DURIAN 3. TANJUNG REDEB - BERAU
TANJUNG REDEB - BERAU, KALIMANTAN TIMUR  77311";Indonesia;Kalimantan Timur;Kabupaten Berau;1;ACM_171199309;102669;;;IS00009704;1;Kritis;17/01/2022 07:20;30/08/2022 04:28
10978;Perseroan Terbatas (After 2007);ANAM SELARAS ABADI;2022-07-29;Rukan Wallstreet A No 6, Jl. Green Lake City Boulevard, RT.008/RW.009;Indonesia;DKI Jakarta;Kota Jakarta Utara;1;ACM_165709583;105318;;;IS00010978;1;Kritis;17/01/2022 07:20;31/08/2022 23:26
10981;Perseroan Terbatas (After 2007);ANTAREJA MAHADA MAKMUR;2022-07-29;GEDUNG OFFICE 8 LT.8 UNIT A-H, SCBD LOT 28 JL. JENDERAL SUDIRMAN KAV. 52 - 53;Indonesia;DKI Jakarta;Kota Jakarta Selatan;0;ACM_163978166;;106795;;IS00010981;1;Kritis;17/01/2022 07:20;15/06/2022 05:35
10982;Perseroan Terbatas (After 2007);APEX MITRA PRIMA;2022-07-29;BORTHWEST PARK CITRALAND NV 2;Indonesia;Jawa Timur;Kota Surabaya;1;ACM_165748795;105230;;;IS00010982;1;Kritis;17/01/2022 07:20;29/07/2022 08:27
5041;Perseroan Terbatas (After 2007);ARDI BERSAUDARA KORPORA;2022-07-29;"PLAZA SETIABUDI, GEDUNG SETIABUDI 2, LT.6 RUANG 603H,
JL. HR. RASUNA SAID KAVLING 62.";Indonesia;DKI Jakarta;Kota Jakarta Selatan;1;ACM_131656426;105325;104731;;IS00005041;1;Kritis;17/01/2022 07:20;06/09/2022 10:41
2331;Commmanditaire Vennootschaap;ARINDO TECHNICAL SUPPLY;2022-07-29;JL.PANGERAN JAYAKARTA 72-74 BLOK E;Indonesia;DKI Jakarta;Kota Jakarta Pusat;0;ACM_150396000;105285;106103;;IS00002331;1;Kritis;17/01/2022 07:20;15/07/2022 02:27
2590;Perseroan Terbatas (Before 2007);BAGONG DEKAKA MAKMUR (BAGONG TRANSPORT);2022-07-29;JALAN PANGLIMA SUDIRMAN NO. 8;Indonesia;Jawa Timur;Kabupaten Malang;0;ACM_91633421;103134;104340;;IS00002590;1;Kritis;17/01/2022 07:20;14/10/2022 16:08
1574;Perseroan Terbatas (Before 2007);BANGUN ARTA HUTAMA;2022-07-29;JL.DIPONEGORO NO.81;Indonesia;Jawa Timur;Kota Surabaya;0;ACM_141173695;102013;100702;100702;IS00001574;1;Kritis;17/01/2022 07:20;26/07/2022 07:13
708;Perseroan Terbatas (After 2007);BANJAR BEARING SENTOSA ;2022-07-29;JL. GATOT SUBROTO NO.74 RT.32;Indonesia;Kalimantan Selatan;Kota Banjarmasin;0;ACM_128601711;;103000;;IS00000708;1;Kritis;17/01/2022 07:20;18/07/2022 10:40
10990;Perseroan Terbatas (After 2007);BANUA ABADI JAYA;2022-07-29;JL BANJAR MASIN BATULICIN KM.190 BLOK F;Indonesia;Kalimantan Selatan;Kabupaten Tanah Bumbu;0;ACM_164177590;;106627;;IS00010990;1;Kritis;17/01/2022 07:20;15/08/2022 10:54
2358;Perseroan Terbatas (After 2007);BANUA SANGGAM UTAMA;2022-07-29;JL.HARM AYOEB RT.8;Indonesia;Kalimantan Timur;Kabupaten Berau;0;ACM_151864430;103148;;;IS00002358;1;Kritis;17/01/2022 07:20;10/10/2022 10:11
5184;Perseroan Terbatas (After 2007);BATU ANTING;2022-07-29;JL BATU ANTING DESA KINTAP KECIL;Indonesia;Kalimantan Selatan;Kabupaten Tanah Laut;0;ACM_134096799;;103504;;IS00005184;1;Kritis;17/01/2022 07:20;16/06/2022 05:27
2892;Commmanditaire Vennootschaap;BENA JAYA;2022-07-29;KAMPUNG BENA BARU RT.4 ;Indonesia;Kalimantan Timur;Kabupaten Berau;0;ACM_91284870;100105;;;IS00002892;1;Kritis;17/01/2022 07:20;30/09/2022 09:37
2886;Perseroan Terbatas (Before 2007);BENING GURU SEMESTA;2022-07-29;;Indonesia;DKI Jakarta;Kota Jakarta Selatan;0;ACM_158944779;;106799;;IS00002886;1;Kritis;17/01/2022 07:20;16/06/2022 00:05
775;Perseroan Terbatas (After 2007);BERKAH SYARIAH BERSAMA;2022-07-29;JL.MAMPANG PRAPATAN RAYA NO.73A;Indonesia;DKI Jakarta;Kota Jakarta Selatan;0;ACM_135175344;103007;105055;102092;IS00000775;1;Kritis;17/01/2022 07:20;24/06/2022 15:23
2097;Perseroan Terbatas (After 2007);BHAKTI RATUTAMA JAYA;2022-07-29;JL AHMAD YANI KM 4,5 RT 21 RW00;Indonesia;Kalimantan Selatan;Kota Banjarmasin;1;ACM_149791588;105257;106087;;IS00002097;1;Kritis;17/01/2022 07:20;13/05/2022 14:55
5254;Perseroan Terbatas (After 2007);BINA SAMUDERA INDONESIA;2022-07-30;ALDEOZ BUILDING LANTAI 6, JALAN WARUNG JATI BARAT NO. 39;Indonesia;DKI Jakarta;Kota Jakarta Selatan;0;ACM_131745493;;106952;;IS00005254;1;Kritis;17/01/2022 07:20;05/09/2022 16:06
5272;Perseroan Terbatas (After 2007);BINTANG SUKSES ENERGI;2022-07-31;JL.ANGKATAN 45 BLOK A NO.44;Indonesia;Sumatera Selatan;Kota Palembang;1;ACM_140057713;;103827;;IS00005272;1;Kritis;17/01/2022 07:20;19/04/2022 01:25
3276;Perseroan Terbatas (After 2007);BIRUNI GEO PRATAMA;2022-08-01;MALL WTC MATAHARI SERPONG S020;Indonesia;Banten;Kota Tangerang Selatan;0;ACM_95537614;102170;103544;102174;IS00003276;1;Kritis;17/01/2022 07:20;07/09/2022 09:25
101;Perseroan Terbatas (After 2007);BOLAN MANDIRI;2022-08-02;GEDUNG SENATAMA LT.3 R 314, JL. KWITANG RAYA NO.08 RT.001/007;Indonesia;DKI Jakarta;Kota Jakarta Pusat;0;ACM_120774712;103008;103717;;IS00000101;1;Kritis;17/01/2022 07:20;01/07/2022 05:53
5688;Perseroan Terbatas (After 2007);BORNEO ORION SEJAHTERA;2022-08-03;KOMPLEK BUKIT DAMAI SENTOSA II BLOK A3, NO 29/30;Indonesia;Kalimantan Timur;Kota Balikpapan;0;;;;;IS00005688;1;Kritis;17/01/2022 07:20;12/06/2022 05:13
3302;Perseroan Terbatas (Before 2007);BOSCH REXROTH;2022-08-04;KAWASAN CIBIS PARK BLD.202, JL. TB SIMATUPANG NO. 2;Indonesia;DKI Jakarta;Kota Jakarta Selatan;0;ACM_164851822;102161;;;IS00003302;1;Kritis;17/01/2022 07:20;22/10/2022 06:42
5309;Perseroan Terbatas (After 2007);BRIGHT SPARK INDONESIA;2022-08-05;KOMP. PRIMA CENTER 2 BLOK E NO. 3 RT.010 RW.02;Indonesia;DKI Jakarta;Kota Jakarta Barat;0;ACM_98854979;101031;102108;;IS00005309;1;Kritis;17/01/2022 07:20;25/07/2022 02:35
1800;Perseroan Terbatas (After 2007);CAHAYA METAL PERKASA;2022-08-06;JL RAYA NAROGONG KM.15 JL.PP PANGKALAN IV NO.111;Indonesia;Jawa Barat;Kota Bekasi;0;ACM_140875910;101846;101918;102051;IS00001800;1;Kritis;17/01/2022 07:20;15/09/2022 06:59
3295;Perseroan Terbatas (After 2007);CAHAYA SAKTI JAYA;2022-08-07;GRAHA CEMPAKA MAS BLOK D NO 12 A, JL.LETJEN SOEPRAPTO;Indonesia;DKI Jakarta;Kota Jakarta Pusat;1;ACM_94692895;102073;;;IS00003295;1;Kritis;17/01/2022 07:20;27/07/2022 07:23
5401;Perseroan Terbatas (After 2007);CARTRACK TECHNOLOGIES INDONESIA;2022-08-08;"MENARA STANDARD CHARTERED, 10TH FLOOR UNIT C-D, JALAN PROF. DR. SATRIO
NOMOR 164";Indonesia;DKI Jakarta;Kota Jakarta Selatan;0;ACM_143879003;;;;IS00005401;1;Kritis;17/01/2022 07:20;10/08/2022 06:54
2942;Perseroan Terbatas (After 2007);CEMERLANG INDO UTAMA;2022-08-09;"KOMP RUKO INKOPAL BLOK G NO 51,JL BOULEVARD BARAT
RAYA,KELAPA GADING";Indonesia;DKI Jakarta;Kota Jakarta Utara;0;ACM_157936629;;106501;;IS00002942;1;Kritis;17/01/2022 07:20;02/10/2022 13:41
7885;Perseroan Terbatas (After 2007);CIPTA HYDROPOWER ABADI;2022-08-10;;Indonesia;DKI Jakarta;Kota Jakarta Barat;0;;;;;IS00007885;1;Tinggi;17/01/2022 07:20;12/06/2022 04:59
1755;Perseroan Terbatas (After 2007);CITRA ALAM SEMESTA;2022-08-11;GD. RANUZA LT. 5 JL. TIMOR NOMOR 10;Indonesia;DKI Jakarta;Kota Jakarta Pusat;0;ACM_141119450;102283;105017;;IS00001755;1;Tinggi;17/01/2022 07:20;05/07/2022 07:21
11009;Perseroan Terbatas (After 2007);CODE DEVELOPMENT INDONESIA;2022-08-12;MANGKULUHUR CITY TOWER ONE LANTAI 18 SUITE 8;Indonesia;DKI Jakarta;Kota Jakarta Selatan;0;ACM_163703754;;106800;;IS00011009;1;Tinggi;17/01/2022 07:20;16/06/2022 00:06
897;Perseroan Terbatas (After 2007);DATA PERSADA INDONESIA;2022-08-13;KOMPLEK CITRA MEGAH RAYA NO.28 BLOK B RT007 RW002;Indonesia;Kalimantan Selatan;Kota Banjarbaru;0;ACM_127170419;;105139;101969;IS00000897;1;Tinggi;17/01/2022 07:20;07/10/2022 16:51
2011;Commmanditaire Vennootschaap;DAYA MAJU BERSAMA;2022-08-14;KOMP AHMAD YANI NO.62;Indonesia;Kalimantan Selatan;Kota Banjarmasin;0;ACM_154180295;;106214;;IS00002011;1;Tinggi;17/01/2022 07:20;13/06/2022 04:39
1943;Perseroan Terbatas (After 2007);DEA GLOBAL NIAGA;2022-08-15;JL. SMUN 7 NO.11, RT.003/RW.001;Indonesia;Jawa Barat;Kota Bekasi;0;ACM_140933831;;105337;102143;IS00001943;1;Tinggi;17/01/2022 07:20;19/05/2022 10:59
5508;Perseroan Terbatas (Before 2007);DELOITTE CONSULTING;2022-08-15;THE PLAZA OFFICE TOWER LT.30 E2&F JL.MH THAMRIN KAV.28-30 RT009 RW005;Indonesia;DKI Jakarta;Kota Jakarta Pusat;0;ACM_101707526;102275;;;IS00005508;1;Tinggi;17/01/2022 07:20;12/10/2022 10:34
5510;Perseroan Terbatas (After 2007);DELTA ABADISENTOSA;2022-08-15;A KM 3,5 NO.236 BANJARMASIN TIMUR, JL. A. YANI, KARANG MEKAR;Indonesia;Kalimantan Selatan;Kota Banjarmasin;1;ACM_168562011;;102870;;IS00005510;1;Tinggi;17/01/2022 07:20;24/05/2022 04:36
667;Perseroan Terbatas (After 2007);DIAN CIPTAMAS AGUNG;2022-08-15;GD JAYA LT.6/A3, JL. M.H.THAMRIN NO.12;Indonesia;DKI Jakarta;Kota Jakarta Pusat;0;ACM_126902785;102087;103770;;IS00000667;1;Tinggi;17/01/2022 07:20;03/08/2022 10:39
2153;Perseroan Terbatas (After 2007);DICKY ADITIYA SAPUTRA;2022-08-15;JL SUNGAI SALAK RT003 RW005;Indonesia;Kalimantan Selatan;Kota Banjarbaru;0;ACM_152382366;;106209;;IS00002153;1;Tinggi;17/01/2022 07:20;07/09/2022 06:37
9295;Perseroan Terbatas (After 2007);DINASTI JAYA ABADI;2022-08-15;JL ARU KOMPLEK PEMDA NO.20 RT04 RW05;Indonesia;Sumatera Barat;Kota Padang;0;ACM_171459936;105326;106963;;IS00009295;1;Tinggi;17/01/2022 07:20;08/09/2022 03:19
5561;Perseroan Terbatas (After 2007);DUNAMIS INTERMASTER;2022-08-15;WISMA GKBI LT.39 SUITE 3901;Indonesia;DKI Jakarta;Kota Jakarta Pusat;0;ACM_168868001;105264;100185;100185;IS00005561;1;Tinggi;17/01/2022 07:20;07/09/2022 09:53
1438;Perseroan Terbatas (After 2007);EDCO PERSADA ENERGI;2022-08-15;JALAN KAHARUDDIN NASUTION NO. 01/988 C;Indonesia;Riau;Kota Pekanbaru;0;ACM_137761350;;104242;;IS00001438;1;Tinggi;17/01/2022 07:20;16/06/2022 05:01
1994;Perseroan Terbatas (Before 2007);EONCHEMICAL PUTRA;2022-08-15;;Indonesia;DKI Jakarta;Kota Jakarta Selatan;0;ACM_141204157;101034;;;IS00001994;1;Tinggi;17/01/2022 07:20;29/08/2022 03:16
2852;Perseroan Terbatas (Before 2007);EQUINE GLOBAL;2022-08-15;SATRIO TOWER BUILDING 16TH FLOOR JL. PROF. DR. SATRIO KAV C4, RT.7/RW.2;Indonesia;DKI Jakarta;Kota Jakarta Selatan;0;ACM_91269905;100255;103840;101810;IS00002852;1;Tinggi;17/01/2022 07:20;19/05/2022 10:18
502;Perseroan Terbatas (After 2007);ESPRESSO ITALIA;2022-08-15;JL. CIDENG TIMUR NO 50 E RT/RW. 9/6;Indonesia;DKI Jakarta;Kota Jakarta Pusat;0;ACM_132480850;105283;104993;;IS00000502;1;Tinggi;17/01/2022 07:20;13/07/2022 10:22
11019;Perseroan Terbatas (After 2007);EXABYTES NETWORK INDONESIA;2022-08-15;CYBER 2 TOWER, LANTAI 29 JL. HR RASUNA SAID X5 NO. 13, RT.7/RW.2;Indonesia;DKI Jakarta;Kota Jakarta Selatan;0;ACM_78751075;105277;106646;;IS00011019;1;Tinggi;17/01/2022 07:20;26/06/2022 14:19
2809;Perseroan Terbatas (After 2007);FUSI SOLUSI TRANSFORMASI;2022-08-15;RUKAN CROWN PALACE, JL. PROF. DR. SOEPOMO NO.231, RT.7/RW.1;Indonesia;DKI Jakarta;Kota Jakarta Selatan;0;ACM_92619100;101837;;;IS00002809;1;Tinggi;17/01/2022 07:20;30/05/2022 04:00
2908;Perseroan Terbatas (After 2007);GAGAS EDUKASI ANANTARA;2022-08-16;JL SUTERA BARAT NO.21;Indonesia;Banten;Kota Tangerang;0;ACM_157884089;103167;106865;;IS00002908;1;Tinggi;17/01/2022 07:20;12/07/2022 11:12
1838;Perseroan Terbatas (Before 2007);GEOFORCE INDONESIA;2022-08-17;"WISMA GKBI LANTAI 39, SUITE 3901, JL.JENDERAL SUDIRMAN
NO.28,";Indonesia;DKI Jakarta;Kota Jakarta Pusat;1;ACM_140941115;;101643;102061;IS00001838;1;Tinggi;17/01/2022 07:20;19/07/2022 07:45
1648;Perseroan Terbatas (Before 2007);GEOTECHNICAL & ENVIROMENTAL SERVICE INDONESIA;2022-08-18;GRAHA PARAMITA LT.10, JL DENPASAR RAYA BL D-2;Indonesia;DKI Jakarta;Kota Jakarta Selatan;0;ACM_141316362;101682;100226;100226;IS00001648;1;Tinggi;17/01/2022 07:20;08/09/2022 08:37
2850;Perseroan Terbatas (After 2007);GERAK BANGUN UTAMA;2022-08-19;GEDUNG RANUZA LANTAI 2, JALAN TIMOR NOMOR 10, MENTENG;Indonesia;DKI Jakarta;Kota Jakarta Pusat;0;ACM_157280194;;101108;101108;IS00002850;1;Tinggi;17/01/2022 07:20;18/07/2022 10:25
5780;Perseroan Terbatas (After 2007);GLOBAL TAMA PERKASA;2022-08-20;JL.FLAMBOYAN PERUM GRIYA CILEDUG BLOK O NO.08, KEL. PANINGGILAN UTARA, KEC. CILEDUG, KOTA TANGERANG,;Indonesia;Banten;Kota Tangerang;0;ACM_162858052;105157;106561;;IS00005780;1;Tinggi;17/01/2022 07:20;06/09/2022 08:47
2805;Perseroan Terbatas (Before 2007);GOLD MARTINDO;2022-08-21;KOMP DUTA MERLIN BLOK A NO.30 JL GADJAH MADA NO 3-5;Indonesia;DKI Jakarta;Kota Jakarta Pusat;1;ACM_89016567;102418;;;IS00002805;1;Tinggi;17/01/2022 07:20;01/06/2022 17:52
5796;Perseroan Terbatas (After 2007);GRAFIKA WANGI KALIMANTAN;2022-08-22;JL. AS MUSYAFFA NO.16 RT.01 RW.01 ;Indonesia;Kalimantan Selatan;Kota Banjarmasin;0;ACM_172517807;;106086;100232;IS00005796;1;Tinggi;17/01/2022 07:20;07/10/2022 13:56
3053;Perseroan Terbatas (After 2007);GROUNDPROBE INDONESIA;2022-08-23;"GD. SENTRAL SENAYAN II LT.16, JL. ASIA AFRIKA NO. 8,
GELORA";Indonesia;DKI Jakarta;Kota Jakarta Pusat;0;ACM_94611708;102137;104652;;IS00003053;1;Tinggi;17/01/2022 07:20;16/06/2022 05:10
2720;Perseroan Terbatas (After 2007);HAFREADI JAYA SENTOSA;2022-08-23;JL.RAYA INDARUNG NO.10 AB SIMPANG PATAI;Indonesia;Sumatera Barat;Kota Padang;0;ACM_160631805;;106619;;IS00002720;1;Tinggi;17/01/2022 07:20;05/07/2022 06:29
2543;Perseroan Terbatas (After 2007);HAKIKI INTI SEJATI;2022-08-23;JL. NUSA INDAH VI BLOK B.498 ;Indonesia;Jawa Barat;Kota Bekasi;1;ACM_157932655;105191;;;IS00002543;1;Tinggi;17/01/2022 07:20;01/09/2022 06:21
2110;Commmanditaire Vennootschaap;HAMIM SELAMET JAYA;2022-08-23;JL. DESA SUMBER BARU;Indonesia;Kalimantan Selatan;Kabupaten Tanah Bumbu;0;ACM_152381865;;106164;;IS00002110;1;Tinggi;17/01/2022 07:20;30/09/2022 08:51
1961;Commmanditaire Vennootschaap;HARAPANKU;2022-08-23;JL KURAN KEL.GUNUNG TABUR KEC.GUNUNG TABUR;Indonesia;Kalimantan Timur;Kabupaten Berau;0;ACM_140939002;102049;;;IS00001961;1;Tinggi;17/01/2022 07:20;22/06/2022 04:31
1902;Perseroan Terbatas (Before 2007);HIMALAYA EVEREST JAYA;2022-08-23;L DAAN MOGOT KM 10 NO 151;Indonesia;DKI Jakarta;Kota Jakarta Barat;0;ACM_140709744;101543;104394;;IS00001902;1;Tinggi;17/01/2022 07:20;13/07/2022 10:36
721;Perseroan Terbatas (Before 2007);HORAS MIDUK;2022-08-23;JL. RAYA KALIMALANG RT. 06 RW.02;Indonesia;Jawa Barat;Kabupaten Bekasi;0;ACM_125737108;;103865;;IS00000721;1;Tinggi;17/01/2022 07:20;27/08/2022 05:57
8972;Perseroan Terbatas (After 2007);HOTEL COSMO;2022-08-23;;Indonesia;Jambi;Kota Jambi;1;;;101106;;IS00008972;1;Tinggi;17/01/2022 07:20;30/06/2022 08:08
277;Perseroan Terbatas (Before 2007);HUTAN RINDANG BANUA;2022-08-23;JL. SUNGAI BARU BLOK 0 NO. 0 RT.009 RW. 004;Indonesia;Kalimantan Selatan;Kabupaten Tanah Laut;0;ACM_118761804;103169;200075;200105;IS00000277;1;Tinggi;17/01/2022 07:20;10/10/2022 03:20
304;Perseroan Terbatas (After 2007);IMELDA TEKNIK MANDIRI;2022-08-23;JL. AMD. MANUNGGAL III NO.82 RT.35;Indonesia;Kalimantan Timur;Kota Balikpapan;0;ACM_100185321;102335;;;IS00000304;1;Tinggi;17/01/2022 07:20;02/10/2022 13:17
2856;Perseroan Terbatas (Before 2007);INDO PERKASA MANDIRI;2022-08-24;JL. MULAWARMAN NO. 33;Indonesia;Kalimantan Timur;Kota Balikpapan;1;ACM_91456472;100353;106855;;IS00002856;1;Tinggi;17/01/2022 07:20;11/07/2022 09:04
2432;Perseroan Terbatas (Before 2007);INDOLOK BAKTI UTAMA;2022-08-25;GRAHA GUNNEBO INDONESIA;Indonesia;DKI Jakarta;Kota Jakarta Pusat;0;ACM_155664353;103111;;101693;IS00002432;1;Tinggi;17/01/2022 07:20;11/10/2022 07:40
4777;Perseroan Terbatas (After 2007);INGGRIS PRIMA INDONESIA, (ENGLISH FIRST);2022-08-26;GED PLAZA OFFICE LT.22 JL MH THAMRIN GONDANGDIA MENTENG;Indonesia;DKI Jakarta;Kota Jakarta Pusat;0;ACM_168495111;;106756;;IS00004777;1;Tinggi;17/01/2022 07:20;20/05/2022 10:27
8407;Perseroan Terbatas (Before 2007);INHUTANI I;2022-08-27;JL. KH. AHMAD DAHLAN NO. 69;Indonesia;DKI Jakarta;Kota Jakarta Selatan;0;ACM_171321084;;106970;;IS00008407;1;Tinggi;17/01/2022 07:20;14/09/2022 09:39
2313;Perseroan Terbatas (After 2007);INOVASI OTOMASI TEKNOLOGI;2022-08-28;AKR OFFICE TOWER, LANTAI 8, JL. PANJANG NO 5;Indonesia;DKI Jakarta;Kota Jakarta Barat;0;ACM_155056339;;;;IS00002313;1;Tinggi;17/01/2022 07:20;21/08/2022 15:40
2681;Perseroan Terbatas (Before 2007);INTIPESAN PARIWARA;2022-08-29;RUKO KARTINI GRANDE JL.CITAYAM NO.46 RT004 RW 002;Indonesia;Jawa Barat;Kota Depok;0;ACM_159893668;105303;103188;;IS00002681;1;Tinggi;17/01/2022 07:20;27/09/2022 11:11
2629;Commmanditaire Vennootschaap;ISA CIPTA;2022-08-30;JALAN CEMARA RAYA NO.9-B;Indonesia;DKI Jakarta;Kota Jakarta Barat;0;ACM_156749918;105291;106313;;IS00002629;1;Tinggi;17/01/2022 07:20;27/07/2022 06:58
4366;Commmanditaire Vennootschaap;ISCO PERKASA ENGINEERING;2022-08-31;JL. CIPTO MANGUNKUSUMO GG. SEPAKAT NO. 31;Indonesia;Kalimantan Timur;Kota Samarinda;0;ACM_106567244;105364;;;IS00004366;1;Tinggi;17/01/2022 07:20;25/10/2022 04:13
1488;Commmanditaire Vennootschaap;JAYA PRATAMA LESTARI;2022-08-31;"JL.H.M YUSUF NASRI KOMPLEK PERUM PURI IMPIAN A
NO.003,";Indonesia;Jambi;Kota Jambi;0;ACM_137522626;;105123;;IS00001488;1;Tinggi;17/01/2022 07:20;19/07/2022 10:09
3062;Perseroan Terbatas (Before 2007);JOBSTREET INDONESIA;2022-08-31;GEDUNG PRUDENTIAL TOWER LT.15 JL.JEND SUDIRMAN  KV.79;Indonesia;DKI Jakarta;Kota Jakarta Selatan;1;ACM_96913962;102538;104450;200011;IS00003062;1;Tinggi;17/01/2022 07:20;29/08/2022 17:37
2204;Perseroan Terbatas (After 2007);JOJO NOMIC INDONESIA;2022-08-31;"GEDUNG TALAVERA OFFICE PARK LT.18 JL. TB. SIMATUPANG KAV
22-26";Indonesia;DKI Jakarta;Kota Jakarta Selatan;0;ACM_154781701;103107;106351;;IS00002204;1;Tinggi;17/01/2022 07:20;29/09/2022 15:18
1681;Perseroan Terbatas (Before 2007);JUSTIKA SIAR PUBLIKA;2022-08-31;GEDUNG AD PREMIER JL.TB SIMATUPANG NO.5;Indonesia;DKI Jakarta;Kota Jakarta Selatan;0;ACM_141168816;102466;100303;100303;IS00001681;1;Tinggi;17/01/2022 07:20;28/09/2022 05:14
6099;Perseroan Terbatas (After 2007);KAHF TEKNOLOGI MANDIRI;2022-08-31;MENARA 165 LANTAI 4. JL TB SIMATUPANG KAV. 1 CILANDAK TIMUR, PASAR MINGGU, JAKARTA SELATAN 12650;Indonesia;DKI Jakarta;Kota Jakarta Selatan;0;ACM_163290446;105203;106918;;IS00006099;1;Tinggi;17/01/2022 07:20;18/08/2022 09:39
1924;Perseroan Terbatas (Before 2007);KALIBESAR RAYA UTAMA;2022-08-31;KOMP. MEGA GROSIR CEMPAKA MAS BLOK E NOMOR 1-3;Indonesia;DKI Jakarta;Kota Jakarta Pusat;1;ACM_140858519;101930;100306;100306;IS00001924;1;Tinggi;17/01/2022 07:20;12/07/2022 03:27
2528;Perseroan Terbatas (After 2007);KARIR RAKYAT INDONESIA;2022-08-31;JL. BUNGUR BESAR RAYA NO. 85 A;Indonesia;DKI Jakarta;Kota Jakarta Pusat;0;ACM_157865825;;106372;;IS00002528;1;Tinggi;17/01/2022 07:20;23/08/2022 05:47
6134;Perseroan Terbatas (After 2007);KARYA JAYA MANDIRI MEGAH PRAKOSO;2022-08-31;"GRIYA BUKIT JAYA BLOK O.4/44 RT/RW.001/031 TLAJUNG
UDIK";Indonesia;Jawa Barat;Kabupaten Bogor;0;ACM_127241063;;106945;;IS00006134;1;Tinggi;17/01/2022 07:20;05/10/2022 07:11
466;Perseroan Terbatas (Before 2007);KINAYA MULTI KONSTRUKSI;2022-08-31;JL.MAJAHIT NO.16 RT.14/RW.8;Indonesia;Jawa Barat;Kota Bekasi;0;;;;;IS00000466;1;Tinggi;17/01/2022 07:20;12/06/2022 06:09
6171;Perseroan Terbatas (Before 2007);KITA MAJU NIAGA;2022-08-31;JL DAAN MOGOT KM21 PERGUDANGAN ARCADIA BLOK G1/10;Indonesia;Banten;Kota Tangerang;0;ACM_160788635;105335;;;IS00006171;1;Tinggi;17/01/2022 07:20;26/09/2022 05:57
6198;Perseroan Terbatas (After 2007);KSB SALES INDONESIA;2022-08-31;KAWASAN INDUSTRI MM 2100 JL TIMOR BLOK D-21;Indonesia;Jawa Barat;Kabupaten Bekasi;1;ACM_161870411;;106518;;IS00006198;1;Tinggi;17/01/2022 07:20;13/09/2022 06:41
10824;Perseroan Terbatas (After 2007);KUANSING INTI SEJAHTERA;2022-09-01;;Indonesia;Jambi;Kabupaten Bungo;0;;;200097;;IS00010824;1;Tinggi;17/01/2022 07:20;06/06/2022 15:45
831;Perseroan Terbatas (Before 2007);KURNIA JAGAD ANDALAS;2022-09-02;JL. SAWAHAN NO.46;Indonesia;Sumatera Barat;Kota Padang;0;ACM_134240418;;100345;100345;IS00000831;1;Tinggi;17/01/2022 07:20;10/08/2022 14:11
1172;Perseroan Terbatas (After 2007);KURNIA SAFETY SUPPLIES;2022-09-03;JL.GRIYA AGUNG BLOK N3 NO.47-48;Indonesia;DKI Jakarta;Kota Jakarta Utara;0;ACM_138214936;102880;105178;;IS00001172;1;Sedang;17/01/2022 07:20;22/09/2022 11:01
4431;Commmanditaire Vennootschaap;LANGIT ALAS KALIMANTAN;2022-09-04;JL.LAMBUNG MANGKURAT NO.40 RT.85 KEL.SUNGAI PINANG DALAM KEC.SUNGAI PINANG SAMARINDA 75117;Indonesia;Kalimantan Timur;Kota Samarinda;1;ACM_163286970;;106826;;IS00004431;1;Sedang;17/01/2022 07:20;23/06/2022 04:30
9520;Perseroan Terbatas (After 2007);LEMBAGA PELATIHAN LPPM JAKARTA;2022-09-05;JL. MENTENG RAYA NO. 9-19 JAKARTA PUSAT, DKI JAKARTA/REGIONAL-2;Indonesia;DKI Jakarta;Kota Jakarta Pusat;0;ACM_141120155;100541;;;IS00009520;1;Sedang;17/01/2022 07:20;30/05/2022 03:07
2944;Perseroan Terbatas (After 2007);LENTERA BANGSA BENDERANG (BINAR ACADEMY);2022-09-06;GED 4 HIGH SCOPE JL.TB SIMATUPANG NO.8;Indonesia;DKI Jakarta;Kota Jakarta Selatan;0;ACM_158153649;103138;106938;;IS00002944;1;Sedang;17/01/2022 07:20;31/08/2022 04:14
11056;Commmanditaire Vennootschaap;LOKAL TEKNIK;2022-09-07;DESA MEKAR JAYA RT.8 RW.8;Indonesia;Kalimantan Selatan;Kabupaten Tanah Bumbu;0;ACM_164791381;;;;IS00011056;1;Sedang;17/01/2022 07:20;25/10/2022 15:26
9562;Perseroan Terbatas (After 2007);LPPM UNIVERSITAS LAMBUNG MANGKURAT;2022-09-08;JL.BRIGJEN H HASAN BASRY KOTAK POS 219 BANJARMASIN 70123;Indonesia;Kalimantan Selatan;Kota Banjarmasin;0;ACM_138354826;;105177;;IS00009562;1;Sedang;17/01/2022 07:20;23/05/2022 16:10
6282;Perseroan Terbatas (After 2007);MAIRODI MANDIRI SEJAHTERA;2022-09-08;PERUM TAMAN SARI BUKIT BANDUNG BLOK 8 NO.6;Indonesia;Jawa Barat;Kota Bandung;1;ACM_171464674;105328;104687;;IS00006282;1;Sedang;17/01/2022 07:20;08/09/2022 08:32
2064;Perseroan Terbatas (After 2007);MANAJEMEN KONSULTAN INDONESIA;2022-09-08;RUKO GREEN GARDEN BLOK A14 NO. 36;Indonesia;DKI Jakarta;Kota Jakarta Barat;0;ACM_153465113;105344;106256;;IS00002064;1;Sedang;17/01/2022 07:20;12/10/2022 03:43
2621;Perseroan Terbatas (After 2007);MANDIRI BERSAMA;2022-09-08;JL.MT HARYONO KAV.17 RT10/005 ;Indonesia;DKI Jakarta;Kota Jakarta Selatan;0;ACM_155909233;105349;106311;102147;IS00002621;1;Sedang;17/01/2022 07:20;16/10/2022 15:27
1352;Perseroan Terbatas (After 2007);MEGA HARAPAN MULIA;2022-09-08;JL. TERUSAN BANDENGAN UTARA NOMOR 1;Indonesia;DKI Jakarta;Kota Jakarta Utara;0;ACM_139052189;102884;106864;;IS00001352;1;Sedang;17/01/2022 07:20;12/07/2022 11:12
7942;Perseroan Terbatas (After 2007);MEGA JASA KARYA BERSAMA;2022-09-08;;Indonesia;Kalimantan Timur;Kota Samarinda;0;;;;;IS00007942;1;Sedang;17/01/2022 07:20;12/06/2022 06:18
786;Perseroan Terbatas (Before 2007);MERCER INDONESIA;2022-09-08;GEDUNG WORLD TRADE CENTRE 3 LANTAI 16&17 JALAN JENDRAL SUDIRMAN KAV. 29-31;Indonesia;DKI Jakarta;Kota Jakarta Selatan;0;ACM_133545441;100596;101468;;IS00000786;1;Sedang;17/01/2022 07:20;13/10/2022 07:53
3143;Perseroan Terbatas (Before 2007);MITRA INTEGRASI INFORMATIKA;2022-09-08;"APL TOWER LT. 37 SUITE 1-8, JL. LETJEN S. PARMAN KAV.
28";Indonesia;DKI Jakarta;Kota Jakarta Barat;0;ACM_99936259;100605;100392;101899;IS00003143;1;Sedang;17/01/2022 07:20;15/06/2022 10:13
1558;Commmanditaire Vennootschaap;MITRATANI BAROKAH;2022-09-08;PERUM BUMI PERTIWI 2 BLOK FK NO.1 RT.5 RW.14;Indonesia;Jawa Barat;Kabupaten Bogor;1;ACM_141268929;;105344;101984;IS00001558;1;Sedang;17/01/2022 07:20;30/09/2022 01:48
4493;Commmanditaire Vennootschaap;MUHI KARYA PERDANA;2022-09-08;JL. SULTAN AGUNG;Indonesia;Kalimantan Timur;Kabupaten Berau;0;ACM_110475447;100618;;;IS00004493;1;Sedang;17/01/2022 07:20;19/08/2022 06:17
4497;Commmanditaire Vennootschaap;MULIA GUNA TEHNIK;2022-09-08;JL. RAYA NAROGONG KM. 18,5 NO. 35A BELAKANG TRAKINDO, GG. PESANTREN AL FATAH;Indonesia;Jawa Barat;Kabupaten Bogor;0;ACM_138215900;;;;IS00004497;1;Sedang;17/01/2022 07:20;25/10/2022 08:33
3066;Perseroan Terbatas (Before 2007);MULTI GARMENJAYA;2022-09-08;JL. SOEKARNO HATTA NO. 578 RT. 004 RW. 011;Indonesia;Jawa Barat;Kota Bandung;0;ACM_164816042;101705;;;IS00003066;1;Sedang;17/01/2022 07:20;22/07/2022 09:26
3207;Commmanditaire Vennootschaap;MULTI TEKHNIK JAYA;2022-09-08;JL PATTIMURA PERUM BATU AMPAR LEASTARI BLOK C1 NO.2;Indonesia;Kalimantan Timur;Kota Balikpapan;0;ACM_93011216;101839;106993;;IS00003207;1;Sedang;17/01/2022 07:20;27/09/2022 04:58
6598;Perseroan Terbatas (Before 2007);PATRIA BIMA;2022-09-08;"JL. AMD KOMP. PURI MALL FANTASI BLOK AB-3 NO.
25, KEL. DAMAI BARU, KEC. BALIKPAPAN SELATAN, KOTABALIKPAPAN, PROV. KALIMANTAN TIMUR";Indonesia;Kalimantan Timur;Kota Balikpapan;0;ACM_129739280;100669;;;IS00006598;1;Sedang;17/01/2022 07:20;22/09/2022 04:05
1256;Perseroan Terbatas (Before 2007);PELAYARAN KARTIKA SAMUDRA ADIJAYA;2022-09-08;JL. JELAWAT NO.23 RT.02;Indonesia;Kalimantan Timur;Kota Samarinda;0;ACM_136910121;103010;102239;;IS00001256;1;Sedang;17/01/2022 07:20;14/10/2022 08:39
3033;Forum / Perkumpulan Professional;PERHIMPUNAN AHLI PERTAMBANGAN INDONESIA (PERHAPI);2022-09-08;"KOMP RUKAN CROWN PALACE BLOK D NO. 9
JL. PROF. DR. SOEPOMO, SH NO. 10 RT 1 RW 3";Indonesia;DKI Jakarta;Kota Jakarta Selatan;1;ACM_171045413;105317;101053;101053;IS00003033;1;Sedang;17/01/2022 07:20;26/08/2022 06:47
200;Perseroan Terbatas (After 2007);POWER OILFIELD & CHEMICAL SERVICES;2022-09-09;JL.GREENLAND II BLOK AD NO. 01, GREENLAND INDUSTRIAL PARK;Indonesia;Jawa Barat;Kabupaten Bekasi;0;ACM_116720986;;104933;;IS00000200;1;Sedang;17/01/2022 07:20;15/06/2022 06:22
1816;Perseroan Terbatas (Before 2007);PRAMITA (LAB. KLINIK CAB.PADANG);2022-09-10;JL.A YANI NO.39 RT02 RW07;Indonesia;Sumatera Barat;Kota Padang;0;ACM_137843422;;103525;;IS00001816;1;Sedang;17/01/2022 07:20;08/09/2022 15:44
655;Yayasan (After 2007);PRASETIYA MULYA;2022-09-11;JL. RA KARTINI (TB SIMATUPANG);Indonesia;DKI Jakarta;Kota Jakarta Selatan;0;ACM_133712496;103160;105171;;IS00000655;1;Sedang;17/01/2022 07:20;08/06/2022 05:39
11080;Perseroan Terbatas (After 2007);PRIMA SOLID ENERGIK;2022-09-12;"JL. PUPUK RAYA RUKO NO.4
BONTANG, KALIMANTAN TIMUR  75321";Indonesia;Kalimantan Timur;Kota Bontang;0;ACM_165878712;;;;IS00011080;1;Sedang;17/01/2022 07:20;22/07/2022 11:03
11081;Perseroan Terbatas (After 2007);PRIMA TUNGGAL PERKASA;2022-09-13;KOMP. MUTIARA TAMAN PALEM BLOK A6 NO. 23;Indonesia;DKI Jakarta;Kota Jakarta Barat;0;ACM_166414197;105241;;;IS00011081;1;Sedang;17/01/2022 07:20;22/08/2022 06:51
6737;Perseroan Terbatas (After 2007);PRIMA WIGUNA PARAMA;2022-09-14;GD. TMT 1 LT. 18, JL. CILANDAK KKO NO.1;Indonesia;DKI Jakarta;Kota Jakarta Selatan;1;ACM_139795868;;105308;;IS00006737;1;Sedang;17/01/2022 07:20;10/10/2022 13:52
6744;Perseroan Terbatas (After 2007);PRINA DUTA REKAYASA;2022-09-15;RUKO BOULEVARD JALAN TAMAN TEKNO BLOK D NOMOR 1 BUMI SERPONG DAMAI CITY, SETU, KEC. SETU;Indonesia;Banten;Kota Tangerang Selatan;0;ACM_148554081;105158;106459;;IS00006744;1;Sedang;17/01/2022 07:20;12/09/2022 03:26
1505;Perseroan Terbatas (After 2007);PUNCAK MAKMUR JAYA;2022-09-15;JL. SULTAN AGUNG RT02;Indonesia;Kalimantan Timur;Kabupaten Berau;0;ACM_141170253;101626;;;IS00001505;1;Sedang;17/01/2022 07:20;26/09/2022 07:38
145;Perseroan Terbatas (After 2007);PUTRA WAHYU AGUNG;2022-09-15;JL DURIAN 3 GG.HAUR GADING No.27 RT.007;Indonesia;Kalimantan Timur;Kabupaten Berau;0;ACM_120322250;102760;;;IS00000145;1;Sedang;17/01/2022 07:20;17/05/2022 00:27
6800;Perseroan Terbatas (After 2007);QUANTUM MAGNA;2022-09-15;GRAND WIJAYA CENTRE BLOK A NO. 3-4, JL. WIJAYA II;Indonesia;DKI Jakarta;Kota Jakarta Selatan;0;;;106018;;IS00006800;1;Sedang;17/01/2022 07:20;19/09/2022 09:18
2818;Perseroan Terbatas (After 2007);REKA CUACA INDONESIA;2022-09-15;GOLDEN VIENA 2 BLOK K5 NO. 15 B;Indonesia;Banten;Kota Tangerang Selatan;0;ACM_160727021;;106498;;IS00002818;1;Sedang;17/01/2022 07:20;13/09/2022 07:24
9402;Perseroan Terbatas (After 2007);RESINDO KONSTRUKSI DAN ENERGI;2022-09-15;"GRAND GALAXY CITY, RUKAN CORDOVA BLOK RGC3 NOMOR 31
DAN 33";Indonesia;Jawa Barat;Kota Bekasi;1;;;;;IS00009402;1;Sedang;17/01/2022 07:20;12/06/2022 06:56
4597;Commmanditaire Vennootschaap;RIAM KANAN LESTARI;2022-09-15;;Indonesia;Kalimantan Selatan;Kabupaten Banjar;0;ACM_168530597;;105411;;IS00004597;1;Sedang;17/01/2022 07:20;23/05/2022 03:19
2387;Perseroan Terbatas (Before 2007);ROLLENT INDONESIA;2022-09-15;JALAN KIG RAYA BARAT KAV G NO 11;Indonesia;Jawa Timur;Kabupaten Gresik;0;ACM_145904534;103068;104771;;IS00002387;1;Sedang;17/01/2022 07:20;25/10/2022 09:10
10236;Yayasan (Before 2007);RUMAH ZAKAT INDONESIA;2022-09-15;JALAN TURANGGA NO. 33, KEL. LINGKAR SELATAN;Indonesia;Jawa Barat;Kota Bandung;0;ACM_170230881;;100510;100510;IS00010236;1;Sedang;17/01/2022 07:20;27/07/2022 04:50
5162;Perseroan Terbatas (After 2007);SAMBAKUNGAN MAKMUR BERSAMA;2022-09-15;JL.RAYA SAMBAKUNGAN;Indonesia;Kalimantan Timur;Kabupaten Berau;0;ACM_170954323;;;;IS00005162;1;Sedang;17/01/2022 07:20;22/08/2022 05:07
2407;Perseroan Terbatas (After 2007);SAMM ARTHA INDONESIA;2022-09-16;JALAN BUBUTAN NO. 01 (STRAT 2);Indonesia;Kalimantan Timur;Kota Balikpapan;0;ACM_154504470;105151;106232;;IS00002407;1;Sedang;17/01/2022 07:20;28/09/2022 09:46
440;Perseroan Terbatas (Before 2007);SANTOSA AGRINDO;2022-09-17;WISMA MILLENIA LANTAI 6 JL MT HARYONO KAV 16;Indonesia;DKI Jakarta;Kota Jakarta Selatan;1;ACM_121525438;102753;106950;;IS00000440;1;Sedang;17/01/2022 07:20;05/09/2022 09:55
10874;Commmanditaire Vennootschaap;SANUBARI PRATAMA KOMUNIKASI;2022-09-18;JALAN AL-BINA, DESA/KELURAHAN GUNUNG PANJANG;Indonesia;Kalimantan Timur;Kabupaten Berau;0;ACM_173085844;;;;IS00010874;1;Sedang;17/01/2022 07:20;25/10/2022 13:39
1965;Commmanditaire Vennootschaap;SARANA PRIMA LESTARI;2022-09-19;"JALAN PRAMUKA NO. 63, KEL. PEMURUS LUAR, KEC. BANJARMASIN
TIMUR, KOTA BANJARMASIN, PROP. KALIMANTAN SELATAN";Indonesia;Kalimantan Selatan;Kota Banjarmasin;0;ACM_140586057;105339;100763;100763;IS00001965;1;Sedang;17/01/2022 07:20;05/10/2022 10:30
6932;Perseroan Terbatas (Before 2007);SARANA SOLUSINDO INFORMATIKA;2022-09-20;JL.SISINGAMANGARAJA NO.53, RT.3/RW.6, GUNUNG, KEC. KBY. BARU, KOTA JAKARTA SELATAN, DAERAH KHUSUS I;Indonesia;DKI Jakarta;Kota Jakarta Barat;0;ACM_161825259;105230;106664;;IS00006932;1;Sedang;17/01/2022 07:20;09/07/2022 08:19
4627;Commmanditaire Vennootschaap;SARANA TEKNIK ABADI;2022-09-21;;Indonesia;Kalimantan Selatan;Kabupaten Tanah Bumbu;1;ACM_169247688;;103600;;IS00004627;1;Sedang;17/01/2022 07:20;27/06/2022 03:16
6934;Perseroan Terbatas (After 2007);SARANA TEKNIK MEKANIKA;2022-09-22;MEGA GLODOK KEMAYORAN JL.ANGKASA KAV B6;Indonesia;DKI Jakarta;Kota Jakarta Pusat;0;ACM_171115917;105340;101815;;IS00006934;1;Sedang;17/01/2022 07:20;06/10/2022 09:04
6971;Perseroan Terbatas (After 2007);SENTRA UNGGUL INVENSI (WIREHIRE);2022-09-23;GEDUNG EDUCENTER LT. 2A UNIT 22773, JL. SEKOLAH FORESTA NO.8, BSD CITY;Indonesia;Banten;Kabupaten Tangerang;0;ACM_157790042;105261;;;IS00006971;1;Sedang;17/01/2022 07:20;25/05/2022 09:31
4656;Perseroan Terbatas (After 2007);SHELL INDONESIA;2022-09-24;;Indonesia;DKI Jakarta;Kota Jakarta Selatan;0;;;;;IS00004656;1;Sedang;17/01/2022 07:20;12/06/2022 05:50
10430;Perseroan Terbatas (After 2007);SINAR MAS AGRO RESOURCES AND TECHNOLOGY TBK (SMART TBK);2022-09-25;"SINAR MAS LAND PLAZA, MENARA 2, LANTAI 28-30, JL. MH.
THAMRIN NO. 51";Indonesia;DKI Jakarta;Kota Jakarta Pusat;0;ACM_169823063;;200223;200135;IS00010430;1;Sedang;17/01/2022 07:20;14/07/2022 06:26
1313;Perseroan Terbatas (After 2007);SINAR PERDANA BERAU;2022-09-26;JL.BARITO KAB.BERAU;Indonesia;Kalimantan Timur;Kabupaten Berau;0;ACM_139068498;102890;;;IS00001313;1;Sedang;17/01/2022 07:20;23/06/2022 03:18
586;Perseroan Terbatas (After 2007);SINARINDO MEGA UTAMA;2022-09-26;GEDUNG PUTERA LANTAI 7, JALAN GUNUNG SAHARI RAYA NO. 39;Indonesia;DKI Jakarta;Kota Jakarta Pusat;1;ACM_126293991;;104391;102169;IS00000586;1;Sedang;17/01/2022 07:20;23/08/2022 03:14
7033;Perseroan Terbatas (After 2007);SINARMAS ASSET MANAGEMENT;2022-09-26;PLAZA BII MENARA III LT.7 JL.MH THAMRIN NO.51;Indonesia;DKI Jakarta;Kota Jakarta Pusat;0;ACM_159212356;;;;IS00007033;1;Sedang;17/01/2022 07:20;23/08/2022 04:17
3279;Perseroan Terbatas Terbuka (After 2007);SMARTFREN TELECOM TBK;2022-09-26;JL. H. AGUS SALIM NO.45;Indonesia;DKI Jakarta;Kota Jakarta Pusat;0;ACM_99394284;102343;105049;;IS00003279;1;Sedang;17/01/2022 07:20;29/07/2022 10:50
565;Perseroan Terbatas (After 2007);SM-CYCLO INDONESIA;2022-09-26;JL. SUNGKAI BLOK F 25 NO. 09 K, DELTA SILICON III;Indonesia;Jawa Barat;Kabupaten Bekasi;1;ACM_125906469;;104932;;IS00000565;1;Sedang;17/01/2022 07:20;05/07/2022 07:48
2373;Perseroan Terbatas (After 2007);SONAR NUSANTARA UTAMA;2022-09-26;"GEDUNG EQUITY TOWER, LANTAI 22 UNIT B,C DAN D,
SUDIRMAN CENTRAL BUSINESS DISTRICT (SCBD) LOT 9,
JL. JENDERAL SUDIRMAN KAVELING 52-53";Indonesia;DKI Jakarta;Kota Jakarta Selatan;0;ACM_144347808;103027;106948;102145;IS00002373;1;Sedang;17/01/2022 07:20;05/09/2022 02:04
7079;Perseroan Terbatas (After 2007);STANZA DAVA PRIMA;2022-09-26;RUKO INKOPAL BLOK C NO.26 JL.RAYA BOULEVARD BARAT KELAPA GADING JAKARTA, KOTA ADMINISTRASI JAKARTA UTARA, DKI JAKARTA - 14240,;Indonesia;DKI Jakarta;Kota Jakarta Utara;0;ACM_154920463;105346;;;IS00007079;1;Sedang;17/01/2022 07:20;13/10/2022 03:59
7110;Perseroan Terbatas (Before 2007);SUMBER ANEKAKARYA ABADI;2022-09-26;JL.BATU CEPER NO.2 B/C RT/RW 01/02 ;Indonesia;DKI Jakarta;Kota Jakarta Pusat;0;ACM_100236997;;102390;;IS00007110;1;Sedang;17/01/2022 07:20;04/08/2022 07:56
2396;Commmanditaire Vennootschaap;SUMBER BERKAH LESTARI;2022-09-27;KOMP DWINA INDAH BLOK E NO.17 RT 002 RW001;Indonesia;Kalimantan Selatan;Kota Banjarmasin;0;ACM_155236306;;104105;;IS00002396;1;Sedang;17/01/2022 07:20;06/06/2022 05:06
2563;Perseroan Terbatas (After 2007);SUMBER SAYOER SEGAR;2022-09-28;JL. KARYAWAN A NO.16;Indonesia;DKI Jakarta;Kota Jakarta Barat;0;ACM_159320420;;;;IS00002563;1;Sedang;17/01/2022 07:20;08/08/2022 09:58
4699;Commmanditaire Vennootschaap;TANGGUH MANDIRI;2022-09-29;JL. KOL. SYARIFUDDIN YOES NO. 60 E;Indonesia;Kalimantan Timur;Kota Balikpapan;1;ACM_147994251;105297;;;IS00004699;1;Sedang;17/01/2022 07:20;05/10/2022 03:08
11108;Commmanditaire Vennootschaap;TECHNO BINTANG UTAMA;2022-09-30;JL. BUNCIT RAYA PULO GG.15 NO.16 RT.012 RW.05;Indonesia;DKI Jakarta;Kota Jakarta Selatan;0;ACM_166472551;;106675;;IS00011108;1;Sedang;17/01/2022 07:20;27/04/2022 04:53
1803;Perseroan Terbatas (Before 2007);TEKENOMIKS INDONESIA;2022-10-01;"JL.JENDERAL SUDIRMAN NO. 96, KEL. DAMAI BAHAGIA, KEC.
BALIKPAPAN SELATAN, KOTA BALIKPAPAN, PROP. KALIMANTAN TIMUR";Indonesia;Kalimantan Timur;Kota Balikpapan;0;ACM_140939788;100906;;;IS00001803;1;Sedang;17/01/2022 07:20;15/09/2022 15:54
7218;Perseroan Terbatas (Before 2007);TELKOM INDONESIA (PERSERO);2022-10-02;JL. JAPATI NO.1;Indonesia;Jawa Barat;Kota Bandung;0;ACM_99884492;102568;101975;;IS00007218;1;Sedang;17/01/2022 07:20;19/10/2022 08:39
3069;Perseroan Terbatas (After 2007);TIDUNG JAYA MANDIRI;2022-10-03;;Indonesia;Kalimantan Timur;Kabupaten Berau;0;ACM_93810303;102435;103662;;IS00003069;1;Sedang;17/01/2022 07:20;13/07/2022 10:17
4484;Perseroan Terbatas (Before 2007);TIRTA SARANA BORNEO CAB.BERAU;2022-10-04;"JL.MANGGA 2 NO.8E RT.36 RW.000
";Indonesia;Kalimantan Timur;Kabupaten Berau;0;ACM_99479694;100921;;;IS00003284;1;Sedang;17/01/2022 07:20;01/10/2022 06:12
407;Perseroan Terbatas (After 2007);TITAN RAJAWALI INTERNASIONAL;2022-10-05;JL. JURUSAN PELAIHARI KM.20.8 RT.008 RW.004;Indonesia;Kalimantan Selatan;Kota Banjarbaru;0;ACM_104053843;;104047;;IS00000407;1;Sedang;17/01/2022 07:20;07/07/2022 06:22
7260;Perseroan Terbatas (After 2007);TOP GASINDO PERKASA;2022-10-05;JL.RAYA SILKAR KM.4,5 RT 017;Indonesia;Kalimantan Timur;Kabupaten Penajam Paser Utara;0;ACM_159411451;;;;IS00007260;1;Sedang;17/01/2022 07:20;29/09/2022 08:32
2694;Perseroan Terbatas (Before 2007);TOWERS WATSON INDONESIA;2022-10-05;GEDUNG CHASE PLAZA LANTAI 10, JALAN JEND. SUDIRMAN KAV. 21;Indonesia;DKI Jakarta;Kota Jakarta Selatan;1;ACM_159236173;103166;106154;;IS00002694;1;Rendah;17/01/2022 07:20;21/08/2022 17:27
3155;Perseroan Terbatas (Before 2007);TRISAKTI CIPTA NUSANTARA;2022-10-05;JL. TENGGILIS MEJOYO BLOK AA NO.02;Indonesia;Jawa Timur;Kota Surabaya;0;ACM_96878487;;104302;101069;IS00003155;1;Rendah;17/01/2022 07:20;10/10/2022 07:35
7347;Perseroan Terbatas (After 2007);TUMBU SURYA;2022-10-05;JL.PANGLIMA BATUR NO.358A RT.22;Indonesia;Kalimantan Timur;Kabupaten Berau;0;ACM_100183676;100939;;;IS00007347;1;Rendah;17/01/2022 07:20;19/08/2022 04:48
7372;Perseroan Terbatas (After 2007);UNITED MEDIA;2022-10-05;JL. PANGERAN JAYAKARTA 121/55;Indonesia;DKI Jakarta;Kota Jakarta Pusat;1;ACM_148811316;105288;;;IS00007372;1;Rendah;17/01/2022 07:20;30/08/2022 03:19
524;Perseroan Terbatas (After 2007);VERTECH PERDANA;2022-10-05;BIZHUB SERPONG BLOK GB NO. 27 KP. CIKARANG RT 001/007;Indonesia;Jawa Barat;Kabupaten Bogor;0;ACM_126214865;105208;104364;;IS00000524;1;Rendah;17/01/2022 07:20;07/09/2022 06:09
11115;Perseroan Terbatas (After 2007);VINORY JAYA ABADI;2022-10-05;JL. RIUNG PURNA XI NO.4 RT. 006 RW. 012;Indonesia;Jawa Barat;Kota Bandung;0;ACM_164181142;105290;;;IS00011115;1;Rendah;17/01/2022 07:20;25/07/2022 10:10
2683;Perseroan Terbatas (After 2007);VIRTUS FACILITY SERVICES;2022-10-05;;Indonesia;DKI Jakarta;Kota Jakarta Selatan;0;ACM_167732492;;;;IS00002683;1;Rendah;17/01/2022 07:20;12/06/2022 13:07
10570;Perseroan Terbatas (After 2007);WIBEE INDOEDU NUSANTARA;2022-10-06;JL.RAYA RAGUNAN NO.65;Indonesia;DKI Jakarta;Kota Jakarta Selatan;0;ACM_171278783;105319;106941;;IS00010570;1;Rendah;17/01/2022 07:20;01/09/2022 06:32
11119;Perseroan Terbatas (After 2007);WOLIO SEJAHTERA;2022-10-07;JL. PATTIMURA NO.116 ;Indonesia;Kalimantan Timur;Kota Balikpapan;0;ACM_164574950;;;;IS00011119;1;Rendah;17/01/2022 07:20;29/06/2022 08:18
11120;Perseroan Terbatas (After 2007);XAPIENS TEKNOLOGI INDONESIA;2022-10-08;GEDUNG MITRA, LT. 3,  JL. JEND. GATOT SUBROTO KAV.21;Indonesia;DKI Jakarta;Kota Jakarta Selatan;0;ACM_163706186;;106811;;IS00011120;1;Rendah;17/01/2022 07:20;17/06/2022 06:26
10854;Yayasan (Before 2007);YAYASAN HARAPAN KELUARGA INDONESIA;2022-10-09;GRAND RUBINA JL.HR RASUNA SAID RT.1/RW.5 KARET KUNINGAN SETIABUDI;Indonesia;DKI Jakarta;Kota Jakarta Selatan;0;ACM_126437095;102860;107001;;IS00010854;1;Rendah;17/01/2022 07:20;23/10/2022 19:00
10031;Yayasan (Before 2007);YAYASAN PENDIDIKAN & PEMBINAAN MANAJEMEN(PPM MANAJEMEN);2022-10-10;GED B BINA MANAJEMEN LT.8 JL.RAYA MENTENG RAYA NO.9 KEBON SIRIH ;Indonesia;DKI Jakarta;Kota Jakarta Pusat;0;ACM_172746567;101328;101234;101234;IS00010031;1;Rendah;17/01/2022 07:20;17/10/2022 04:49
7484;Yayasan (Before 2007);YAYASAN PENDIDIKAN TELKOM;2022-10-11;CISANGGARUNG NO.2 RT.2 RW.7;Indonesia;Jawa Barat;Kota Bandung;1;ACM_172438870;;104977;;IS00007484;1;Rendah;17/01/2022 07:20;17/10/2022 04:26
11121;Yayasan (Before 2007);YAYASAN PENGEMBANGAN MANAJEMEN INDONESIA ;2022-10-12;"GEDUNG IPMI LT.1 JL.RAWAJATI TIMUR I NO.1,
KEL. RAWAJATI, KEC. PANCORAN, KOTA ADM. JAKARTA
SELATAN, PROP. DKI JAKARTA";Indonesia;DKI Jakarta;Kota Jakarta Selatan;0;ACM_165325936;105333;106640;;IS00011121;1;Rendah;17/01/2022 07:20;22/09/2022 07:23
10870;Yayasan (After 2007);YAYASAN SEKOLAH HUKUM DAN PEMERINTAHAN JIMLY;2022-10-13;GED SARINAH LT.11 JL.MH THAMRIN NO.11 ;Indonesia;DKI Jakarta;Kota Jakarta Pusat;1;ACM_145018534;105365;105432;;IS00010870;1;Rendah;17/01/2022 07:20;25/10/2022 09:46
